,Validity,Reliability,Clarity,Structure,Representativeness,Bias Minimization,Data Analysis
revised_survey_llama3.1_2025-04-28_12-25-33.json,4.5,3.5,4.5,3.5,3.5,4.5,3
revised_survey_llama3.1_2025-04-28_10-12-12.json,3.5,3.5,4.5,4.5,3.0,3.5,3
revised_survey_llama3.1_2025-04-28_03-56-55.json,3.5,3.5,4.5,3.5,3.0,3.5,3
revised_survey_llama3.1_2025-04-28_11-23-22.json,4.5,3.5,4.5,3.5,3.5,4.5,3
revised_survey_llama3.1_2025-04-28_11-32-21.json,4.5,3.5,4.5,3.5,3.5,4.5,3
revised_survey_llama3.1_2025-04-28_04-31-56.json,3.5,3.5,4.5,3.5,3.0,3.5,3
revised_survey_llama3.1_2025-04-28_11-05-17.json,4.5,3.5,4.5,3.5,3.5,4.5,3
human_drafted_survey.json,4.5,4.5,4.5,3.5,3.5,4.5,3
revised_survey_llama3.1_2025-04-28_10-44-39.json,4.5,4.5,4.5,3.5,3.5,4.5,3
revised_survey_llama3.1_2025-04-28_05-01-40.json,3.5,3.5,4.5,3.5,3.0,3.5,3
revised_survey_llama3.1_2025-04-28_04-07-03.json,3.5,3.5,4.5,3.5,3.0,3.5,3
revised_survey_llama3.1_2025-04-28_08-37-16.json,3.5,3.5,4.5,3.5,3.0,3.5,3
revised_survey_llama3.1_2025-04-28_09-34-32.json,3.5,3.5,4.5,4.5,3.0,3.5,3
