,Survey File,Criterion,Rating,Explanation
0,revised_survey_llama3.1_2025-04-28_12-25-33.json,Validity,4.5,"This survey demonstrates high validity as it effectively aligns with the concept of evaluating customer satisfaction for EV charger products. The variety in question types (single choice, multiple choice, rating, and text) allows for a comprehensive assessment of different aspects of customer experience. The questions cover key areas such as product performance ('Rate your overall satisfaction with our EV charger'), ease of use ('How easy was it to use our EV charger?'), and customer support ('Do you have any suggestions for improving our customer service?'). Additionally, the inclusion of open-ended text questions enables the collection of detailed, qualitative feedback that can provide rich insights into customer perceptions and needs. The only area for potential improvement could be in ensuring that all possible aspects of an EV charger's functionality and user experience are covered, but based on the information provided, this survey appears to be quite thorough."
0,revised_survey_llama3.1_2025-04-28_12-25-33.json,Reliability,3.5,"The survey appears to be well-structured with a mix of question types (single choice, multiple choice, rating, and text). This variety can help reduce respondent fatigue and increase the accuracy of responses. However, there are some concerns regarding reliability. Firstly, the survey does not seem to have any clear instructions or guidelines for respondents, which could lead to inconsistent interpretations of questions. Additionally, some questions may be prone to social desirability bias (e.g., 'Rate your overall satisfaction with our EV charger product'). Furthermore, the survey lacks a clear plan for handling missing data or non-response, which could impact the reliability of results. Compared to previous surveys, this one seems to have a more comprehensive set of questions, but it falls short in terms of providing clear instructions and addressing potential biases."
0,revised_survey_llama3.1_2025-04-28_12-25-33.json,Clarity,4.5,"The survey demonstrates excellent clarity in its question structure and wording. The use of clear and concise language makes it easy for respondents to understand what is being asked. The mix of single-choice, multiple-choice, rating, and text questions provides a good balance and helps to avoid ambiguity. However, there are a few areas where slight improvements could be made. For instance, some questions could benefit from more specific or detailed instructions (e.g., the 'rating' type questions could specify the scale being used). Additionally, while the survey is generally well-structured, a few of the text-based questions seem somewhat open-ended and may elicit varying levels of detail in responses. Overall, though, the survey excels in terms of clarity."
0,revised_survey_llama3.1_2025-04-28_12-25-33.json,Structure,3.5,"The survey has a clear logical flow, with a mix of question types (single choice, multiple choice, rating, and text) that helps to keep the respondent engaged. The length of the survey is also reasonable, with 14 questions that should not take too long to complete. However, there are some areas for improvement in terms of grouping. For example, questions 3 and 5 are both ratings, but they seem unrelated (one asks about 'Rate your overall satisfaction' and the other asks about 'Rate the ease of use'). It would be better to group similar question types together or create sections with clear headings to help respondents understand the flow of the survey. Additionally, some questions seem repetitive (e.g., questions 4 and 8 are both text questions asking for feedback), which could be condensed into a single question. Overall, while the survey is well-structured, it could benefit from some minor adjustments to improve its organization and coherence."
0,revised_survey_llama3.1_2025-04-28_12-25-33.json,Representativeness,3.5,"Based on the provided information, the survey appears to be well-structured and covers various aspects of customer satisfaction with EV charger products. However, I couldn't find any explicit information about the sample demographics matching the target population demographics. The questions seem to be relevant to the topic, but without knowing the demographic characteristics of the respondents, it's difficult to assess how representative the sample is of the target population. Therefore, I'm giving a moderate rating of 3.5. To improve representativeness, the survey could benefit from including demographic questions (e.g., age, location, income level) and ensuring that the sample is stratified to match the target population demographics."
0,revised_survey_llama3.1_2025-04-28_12-25-33.json,Bias Minimization,4.5,"The survey demonstrates a good effort in minimizing bias through neutral wording and consistent administration. The use of various question types (single-choice, multiple-choice, rating, and text) helps to reduce bias by allowing respondents to answer questions in different formats. However, the survey could benefit from more information on the sampling method used to ensure that it is fair and representative of the target population. Additionally, some questions may be slightly leading or assume a certain level of knowledge about EV chargers, which could introduce bias. Nevertheless, overall, the survey appears to be well-designed with minimal bias."
0,revised_survey_llama3.1_2025-04-28_12-25-33.json,Data Analysis,3.0,"The survey has some potential for data analysis, but it falls short in several areas. The use of multiple-choice and single-choice questions allows for quantitative analysis, and the rating questions can be used to calculate averages and trends. However, there are only a few open-ended text questions that could provide qualitative insights. Moreover, I couldn't find any information about 'data_driven_method' and 'data_driven_method_description' fields in the provided data, which suggests that the survey may not have a clear plan for incorporating data analysis. To improve the data analysis capabilities of this survey, I would recommend adding more open-ended questions to gather qualitative feedback and providing a detailed plan for how the data will be analyzed and used to extract actionable insights."
0,revised_survey_llama3.1_2025-04-28_10-12-12.json,Validity,3.5,"The survey appears to be generally well-structured and covers various aspects of customer satisfaction with EV charger products. The mix of question types (single choice, multiple choice, rating, and text) allows for a decent balance between quantitative and qualitative feedback. However, upon closer inspection, it seems that the questions might not fully predict real-world outcomes or cover all critical aspects of the product's performance and user experience. For instance, there are no apparent questions about safety features, charging speed, or compatibility issues, which could be crucial for evaluating customer satisfaction with EV chargers. Compared to previous surveys (assuming a baseline average rating of 3.0), this survey is slightly above average due to its diversity in question types but falls short in comprehensively addressing key product aspects."
0,revised_survey_llama3.1_2025-04-28_10-12-12.json,Reliability,3.5,"The survey appears to be well-structured with a mix of question types (single choice, multiple choice, rating, and text). This variety can help reduce respondent fatigue and increase the accuracy of responses. However, there are some concerns regarding reliability. Firstly, the survey does not seem to have any reverse-coded questions or attention checks, which could help detect careless responding or biases in respondents' answers. Additionally, without knowing how the survey was administered (e.g., online, in-person), it's difficult to assess whether the results would be consistent across different administration methods. Furthermore, there is no information about pilot testing or pre-testing of the survey, which is crucial for ensuring that questions are clear and unambiguous. Lastly, with only 5 questions, the survey might not be comprehensive enough to capture a complete picture of customer satisfaction, potentially leading to inconsistent results if respondents have varying opinions on different aspects of the product. Overall, while the survey has some strengths, these limitations prevent me from giving it a higher rating."
0,revised_survey_llama3.1_2025-04-28_10-12-12.json,Clarity,4.5,"The survey appears to be clear and well-structured, with concise question descriptions that are easy to understand. The use of different question types (single choice, multiple choice, rating, and text) helps to keep the respondent engaged and allows for a variety of feedback formats. However, I would have liked to see more specific and detailed questions in some areas, such as the 'Rate your overall satisfaction' question, which could benefit from additional context or clarification on what aspects of the product/service are being evaluated. Additionally, some questions may be slightly ambiguous or open to interpretation (e.g., 'What is your favorite feature?'), but overall, the survey does a good job of asking clear and neutral questions."
0,revised_survey_llama3.1_2025-04-28_10-12-12.json,Structure,4.5,"The survey appears to have a logical flow, with a mix of question types (single choice, multiple choice, rating, and text) that suggests an attempt to gather both quantitative and qualitative feedback. The length of the survey seems reasonable, with only 5 questions, which should not be overwhelming for respondents. However, without more context or information about previous surveys, it's difficult to assess whether the grouping of questions is optimal. For example, are there any sections or categories that group related questions together? Assuming there are no major issues with question grouping, I would rate the structure as 4.5 out of 5.0. The only potential improvement could be adding clear section headers or categories to help respondents understand the flow and organization of the survey."
0,revised_survey_llama3.1_2025-04-28_10-12-12.json,Representativeness,3.0,"Based on the provided information, I couldn't find any explicit details about the sample demographics or how they match the target population. The survey title suggests it's focused on customer satisfaction for EV charger products, but without more context about the respondents, it's difficult to assess representativeness accurately. To improve this rating, additional information about the sample demographics and how they align with the target population would be necessary."
0,revised_survey_llama3.1_2025-04-28_10-12-12.json,Bias Minimization,3.5,"The survey appears to be well-structured with a variety of question types (single choice, multiple choice, rating, and text), which can help minimize bias by catering to different respondent preferences. However, the survey title 'Customer Satisfaction Survey for EV Charger Products' may introduce some bias as it specifically mentions 'EV Charger Products', which could influence respondents' answers. Additionally, there is no information provided about the sampling method or administration consistency, which are crucial aspects of bias minimization. Without this information, it's difficult to give a higher rating. Compared to previous surveys (assuming they had similar structures but with more neutral titles and clear sampling/administration methods), I would rate this survey slightly lower due to its potentially biased title."
0,revised_survey_llama3.1_2025-04-28_10-12-12.json,Data Analysis,3.0,"The survey has some potential for data analysis, but it falls short in several areas. The use of single-choice, multiple-choice, and rating questions provides quantitative data that can be easily analyzed using statistical methods. However, the lack of open-ended text questions limits the ability to extract qualitative insights. Furthermore, there is no clear indication of how the data will be analyzed or what specific methods will be used to extract actionable insights. The 'data_driven_method' and 'data_driven_method_description' fields are not provided in the survey, which makes it difficult to assess the quality of the planned data analysis. Overall, while the survey has some potential for data analysis, it requires more attention to qualitative methods and a clear plan for data-driven insights."
0,revised_survey_llama3.1_2025-04-28_03-56-55.json,Validity,3.5,"The survey appears to be generally well-structured and covers various aspects of customer satisfaction through different question types (single choice, multiple choice, rating, and text). This variety can help in gathering both quantitative and qualitative feedback. However, without specific details on the content of each question beyond their type and a general description, it's challenging to assess fully whether all critical aspects are covered or if the survey effectively predicts real-world outcomes. For instance, questions about customer expectations, product/service performance, and potential areas for improvement would be crucial for validity. Assuming these topics are adequately addressed within the provided question types, the survey seems to have a good foundation but might lack depth in certain areas without more specific, targeted questions."
0,revised_survey_llama3.1_2025-04-28_03-56-55.json,Reliability,3.5,"The survey appears to be well-structured with a mix of question types (single choice, multiple choice, rating, and text). This variety can help reduce respondent fatigue and increase the accuracy of responses. However, without information on how the questions were developed or tested for reliability, it's difficult to assess whether the results would be consistent across time and respondents. Additionally, there is no indication of whether the survey has been piloted or if the questions have been validated through previous use. Therefore, while the survey looks promising, its reliability cannot be fully confirmed without further evidence."
0,revised_survey_llama3.1_2025-04-28_03-56-55.json,Clarity,4.5,"The survey appears to be clear and well-structured, with concise question descriptions that are easy to understand. The use of different question types (single choice, multiple choice, rating, and text) suggests a good mix of quantitative and qualitative feedback collection methods. However, I would have liked to see more specific and detailed questions in the 'text' type section to gather more insightful feedback from customers. Additionally, some questions could be rephrased for better clarity, but overall, the survey is well-designed and easy to follow."
0,revised_survey_llama3.1_2025-04-28_03-56-55.json,Structure,3.5,"The survey has a clear title and a logical flow of question types, starting with single-choice and multiple-choice questions, followed by a rating question, and ending with an open-ended text question. However, the length of the survey is relatively short, which may not allow for a comprehensive assessment of customer satisfaction. Additionally, there is no apparent grouping of related questions, which could make it easier for respondents to navigate the survey. Compared to previous surveys, this one seems more concise but may lack depth in certain areas."
0,revised_survey_llama3.1_2025-04-28_03-56-55.json,Representativeness,3.0,"Based on the provided information, I couldn't find any specific details about the demographics of the sample or how they match the target population. The survey title and questions seem generic and don't provide enough context to assess representativeness accurately. To improve this rating, more information is needed about the sampling method, response rates, and demographic characteristics of the respondents compared to the target population."
0,revised_survey_llama3.1_2025-04-28_03-56-55.json,Bias Minimization,3.5,"The survey appears to be generally well-designed with neutral wording in its questions. However, without the full text of each question, it's difficult to assess whether all questions are completely free from bias. The use of different question types (single choice, multiple choice, rating, and text) is a good practice as it caters to various respondent preferences and can help minimize biases associated with specific question formats. Yet, fair sampling and consistent administration cannot be evaluated based on the provided information alone. To achieve a higher rating, more details about the sampling method and survey administration process would be necessary to confirm that these aspects are handled in an unbiased manner."
0,revised_survey_llama3.1_2025-04-28_03-56-55.json,Data Analysis,3.0,"The survey has some potential for data analysis, but it falls short in several areas. The use of single-choice, multiple-choice, and rating questions provides quantitative data that can be easily analyzed using statistical methods. However, the lack of open-ended text questions limits the ability to extract qualitative insights. Furthermore, there is no clear indication of how the data will be analyzed or what specific methods will be used to extract actionable insights. The 'data_driven_method' and 'data_driven_method_description' fields are not provided in the survey, which suggests that a detailed plan for data analysis may not be in place."
0,revised_survey_llama3.1_2025-04-28_11-23-22.json,Validity,4.5,"This survey demonstrates high validity as it effectively aligns with the concept of evaluating customer satisfaction for EV charger products. The variety in question types (single choice, multiple choice, rating, and text) allows for a comprehensive assessment of different aspects of customer experience. The questions cover key areas such as product performance, ease of use, customer support, and overall satisfaction, which are crucial for predicting real-world outcomes like customer retention and loyalty. However, to reach the highest validity score, it would be beneficial to include more open-ended or qualitative feedback sections that delve deeper into specific issues or suggestions customers might have, providing richer insights for product improvement."
0,revised_survey_llama3.1_2025-04-28_11-23-22.json,Reliability,3.5,"The survey appears to be well-structured with a mix of question types (single choice, multiple choice, rating, and text). This variety can help reduce respondent fatigue and increase the accuracy of responses. However, there are some concerns regarding reliability. Firstly, the survey does not seem to have any clear instructions or guidelines for respondents, which could lead to inconsistent interpretations of questions. Additionally, some questions may be prone to social desirability bias (e.g., 'Rate your overall satisfaction with our EV charger product'). Furthermore, the survey lacks a clear plan for handling missing data or non-response, which could impact the reliability of results. Compared to previous surveys, this one seems to have a more comprehensive set of questions, but it falls short in terms of providing clear instructions and addressing potential biases."
0,revised_survey_llama3.1_2025-04-28_11-23-22.json,Clarity,4.5,"The survey demonstrates excellent clarity in its question structure and wording. The use of clear and concise language makes it easy for respondents to understand what is being asked. The mix of single-choice, multiple-choice, rating, and text questions provides a good balance and helps to avoid ambiguity. However, there are a few areas where slight improvements could be made. For instance, some questions could benefit from more specific or detailed instructions (e.g., the 'rating' type questions could specify the scale being used). Additionally, while the survey is generally well-structured, a few of the text-based questions seem somewhat open-ended and may elicit varying levels of detail in responses. Overall, though, the survey excels in terms of clarity."
0,revised_survey_llama3.1_2025-04-28_11-23-22.json,Structure,3.5,"The survey has a clear logical flow, with a mix of question types (single choice, multiple choice, rating, and text) that helps to keep the respondent engaged. The length of the survey is also reasonable, with 14 questions that should not take too long to complete. However, there are some areas for improvement in terms of grouping. For example, questions 3 and 5 are both ratings, but they seem unrelated (one asks about 'Rate your overall satisfaction' and the other asks about 'Rate the ease of use'). It would be better to group similar question types together or create sections with clear headings to help respondents understand the flow of the survey. Additionally, some questions seem repetitive (e.g., questions 4 and 8 are both text questions asking for feedback), which could be condensed into a single question. Overall, while the survey is well-structured, it could benefit from some minor adjustments to improve its organization and coherence."
0,revised_survey_llama3.1_2025-04-28_11-23-22.json,Representativeness,3.5,"Based on the provided information, the survey appears to be well-structured and covers various aspects of customer satisfaction with EV charger products. However, I couldn't find any explicit information about the sample demographics matching the target population demographics. The questions seem to be relevant to the topic, but without knowing the demographic characteristics of the respondents, it's difficult to assess how representative the sample is of the target population. Therefore, I'm giving a moderate rating of 3.5. To improve representativeness, the survey could benefit from including demographic questions (e.g., age, location, income level) and ensuring that the sample is stratified to match the target population demographics."
0,revised_survey_llama3.1_2025-04-28_11-23-22.json,Bias Minimization,4.5,"The survey demonstrates a good effort in minimizing bias through neutral wording and consistent administration. The use of various question types (single-choice, multiple-choice, rating, and text) helps to reduce bias by allowing respondents to answer questions in different formats. However, the survey could benefit from more information on the sampling method used to ensure that it is fair and representative of the target population. Additionally, some questions may be slightly leading or assume a certain level of knowledge about EV chargers, which could introduce bias. Nevertheless, overall, the survey appears to be well-designed with minimal bias."
0,revised_survey_llama3.1_2025-04-28_11-23-22.json,Data Analysis,3.0,"The survey has some potential for data analysis, but it falls short in several areas. The use of multiple-choice and single-choice questions allows for quantitative analysis, and the rating questions can be used to calculate averages and trends. However, there are only a few open-ended text questions that could provide qualitative insights. Moreover, I couldn't find any information about 'data_driven_method' and 'data_driven_method_description' fields in the provided data, which suggests that the survey may not have a clear plan for incorporating data analysis. To improve the data analysis capabilities of this survey, I would recommend adding more open-ended questions to gather qualitative feedback and providing a detailed plan for how the data will be analyzed and used to extract actionable insights."
0,revised_survey_llama3.1_2025-04-28_11-32-21.json,Validity,4.5,"This survey demonstrates high validity as it effectively aligns with the concept of evaluating customer satisfaction for EV charger products. The variety in question types (single choice, multiple choice, rating, and text) allows for a comprehensive assessment of different aspects of customer experience. The questions cover key areas such as product performance, ease of use, customer support, and overall satisfaction, which are crucial for predicting real-world outcomes like customer retention and loyalty. However, to reach the highest validity score, it would be beneficial to include more open-ended or qualitative feedback sections that delve deeper into specific issues or suggestions customers might have, providing richer insights for product improvement."
0,revised_survey_llama3.1_2025-04-28_11-32-21.json,Reliability,3.5,"The survey appears to be well-structured with a mix of question types (single choice, multiple choice, rating, and text). This variety can help reduce respondent fatigue and increase the accuracy of responses. However, there are some concerns regarding reliability. Firstly, the survey does not seem to have any clear instructions or guidelines for respondents, which could lead to inconsistent interpretations of questions. Additionally, some questions may be prone to social desirability bias (e.g., 'Rate your overall satisfaction with our EV charger product'). Furthermore, the survey lacks a clear plan for handling missing data or non-response, which could impact the reliability of results. Compared to previous surveys, this one seems to have a more comprehensive set of questions, but it falls short in terms of providing clear instructions and addressing potential biases."
0,revised_survey_llama3.1_2025-04-28_11-32-21.json,Clarity,4.5,"The survey demonstrates excellent clarity in its question structure and wording. The use of clear and concise language makes it easy for respondents to understand what is being asked. The mix of single-choice, multiple-choice, rating, and text questions provides a good balance and helps to avoid ambiguity. However, there are a few areas where slight improvements could be made. For instance, some questions could benefit from more specific or detailed instructions (e.g., the 'rating' type questions could specify the scale being used). Additionally, while the survey is generally well-structured, a few of the text-based questions seem somewhat open-ended and may elicit varying levels of detail in responses. Overall, though, the survey excels in terms of clarity."
0,revised_survey_llama3.1_2025-04-28_11-32-21.json,Structure,3.5,"The survey has a clear logical flow, with a mix of question types (single choice, multiple choice, rating, and text) that helps to keep the respondent engaged. The length of the survey is also reasonable, with 14 questions that should not take too long to complete. However, there are some areas for improvement in terms of grouping. For example, questions 3 and 5 are both ratings, but they seem unrelated (one asks about 'Rate your overall satisfaction' and the other asks about 'Rate the ease of use'). It would be better to group similar question types together or create sections with clear headings to help respondents understand the flow of the survey. Additionally, some questions seem repetitive (e.g., questions 4 and 8 are both text questions asking for feedback), which could be condensed into a single question. Overall, while the survey is well-structured, it could benefit from some minor adjustments to improve its organization and coherence."
0,revised_survey_llama3.1_2025-04-28_11-32-21.json,Representativeness,3.5,"Based on the provided information, the survey appears to be well-structured and covers various aspects of customer satisfaction with EV charger products. However, I couldn't find any explicit information about the sample demographics matching the target population demographics. The questions seem to be relevant to the topic, but without knowing the demographic characteristics of the respondents, it's difficult to assess how representative the sample is of the target population. Therefore, I'm giving a moderate rating of 3.5. To improve representativeness, the survey could benefit from including demographic questions (e.g., age, location, income level) and ensuring that the sample is stratified to match the target population demographics."
0,revised_survey_llama3.1_2025-04-28_11-32-21.json,Bias Minimization,4.5,"The survey demonstrates a good effort in minimizing bias through neutral wording and consistent administration. The use of various question types (single-choice, multiple-choice, rating, and text) helps to reduce bias by allowing respondents to answer questions in different formats. However, the survey could benefit from more information on the sampling method used to ensure that it is fair and representative of the target population. Additionally, some questions may be slightly leading or assume a certain level of knowledge about EV chargers, which could introduce bias. Nevertheless, overall, the survey appears to be well-designed with minimal bias."
0,revised_survey_llama3.1_2025-04-28_11-32-21.json,Data Analysis,3.0,"The survey has some potential for data analysis, but it falls short in several areas. The use of multiple-choice and single-choice questions allows for quantitative analysis, and the rating questions can be used to calculate averages and trends. However, there are only a few open-ended text questions that could provide qualitative insights. Moreover, I couldn't find any information about 'data_driven_method' and 'data_driven_method_description' fields in the provided data, which suggests that the survey may not have a clear plan for incorporating data analysis. To improve the data analysis capabilities of this survey, I would recommend adding more open-ended questions to gather qualitative feedback and providing a detailed plan for how the data will be analyzed and used to extract actionable insights."
0,revised_survey_llama3.1_2025-04-28_04-31-56.json,Validity,3.5,"The survey appears to be generally well-structured and covers various aspects of customer satisfaction through different question types (single choice, multiple choice, rating, and text). This variety can help in gathering both quantitative and qualitative feedback. However, without specific details on the content of each question beyond their type and a general description, it's challenging to assess fully whether all critical aspects are covered or if the survey effectively predicts real-world outcomes. For instance, questions about customer expectations, product/service performance, and potential areas for improvement would be crucial for validity. Assuming these topics are adequately addressed within the provided question types, the survey seems to have a good foundation but might lack depth in certain areas without more specific, targeted questions."
0,revised_survey_llama3.1_2025-04-28_04-31-56.json,Reliability,3.5,"The survey appears to be well-structured with a mix of question types (single choice, multiple choice, rating, and text). This variety can help reduce respondent fatigue and increase the accuracy of responses. However, without information on how the questions were developed or tested for reliability, it's difficult to assess whether the results would be consistent across time and respondents. Additionally, there is no indication of whether the survey has been piloted or if the questions have been validated through previous use. Therefore, while the survey looks promising, its reliability cannot be fully confirmed without further evidence."
0,revised_survey_llama3.1_2025-04-28_04-31-56.json,Clarity,4.5,"The survey appears to be clear and well-structured, with concise question descriptions that are easy to understand. The use of different question types (single choice, multiple choice, rating, and text) suggests a good mix of quantitative and qualitative feedback collection methods. However, I would have liked to see more specific and detailed questions in the 'text' type section to gather more insightful feedback from customers. Additionally, some questions could be rephrased for better clarity, but overall, the survey is well-designed and easy to follow."
0,revised_survey_llama3.1_2025-04-28_04-31-56.json,Structure,3.5,"The survey has a clear title and a logical flow of question types, starting with single-choice and multiple-choice questions, followed by a rating question, and ending with an open-ended text question. However, the length of the survey is relatively short, which may not allow for a comprehensive assessment of customer satisfaction. Additionally, there is no apparent grouping of related questions, which could make it easier for respondents to navigate the survey. Compared to previous surveys, this one seems more concise but may lack depth in certain areas."
0,revised_survey_llama3.1_2025-04-28_04-31-56.json,Representativeness,3.0,"Based on the provided information, I couldn't find any specific details about the demographics of the sample or how they match the target population. The survey title and questions seem generic and don't provide enough context to assess representativeness accurately. To improve this rating, more information is needed about the sampling method, response rates, and demographic characteristics of the respondents compared to the target population."
0,revised_survey_llama3.1_2025-04-28_04-31-56.json,Bias Minimization,3.5,"The survey appears to be generally well-designed with neutral wording in its questions. However, without the full text of each question, it's difficult to assess whether all questions are completely free from bias. The use of different question types (single choice, multiple choice, rating, and text) is a good practice as it caters to various respondent preferences and can help minimize biases associated with specific question formats. Yet, fair sampling and consistent administration cannot be evaluated based on the provided information alone. To achieve a higher rating, more details about the sampling method and survey administration process would be necessary to confirm that these aspects are handled in an unbiased manner."
0,revised_survey_llama3.1_2025-04-28_04-31-56.json,Data Analysis,3.0,"The survey has some potential for data analysis, but it falls short in several areas. The use of single-choice, multiple-choice, and rating questions provides quantitative data that can be easily analyzed using statistical methods. However, the lack of open-ended text questions limits the ability to extract qualitative insights. Furthermore, there is no clear indication of how the data will be analyzed or what specific methods will be used to extract actionable insights. The 'data_driven_method' and 'data_driven_method_description' fields are not provided in the survey, which suggests that a detailed plan for data analysis may not be in place."
0,revised_survey_llama3.1_2025-04-28_11-05-17.json,Validity,4.5,"This survey demonstrates high validity as it effectively aligns with the concept of evaluating customer satisfaction for EV charger products. The variety in question types (single choice, multiple choice, rating, and text) allows for a comprehensive assessment of different aspects of customer experience. The questions cover key areas such as product performance, ease of use, customer support, and overall satisfaction, which are crucial for predicting real-world outcomes like customer retention and loyalty. However, to reach the highest validity score, it would be beneficial to include more open-ended or qualitative feedback sections that delve deeper into specific issues or suggestions customers might have, providing richer insights for product improvement."
0,revised_survey_llama3.1_2025-04-28_11-05-17.json,Reliability,3.5,"The survey appears to be well-structured with a mix of question types (single choice, multiple choice, rating, and text). This variety can help reduce respondent fatigue and increase the accuracy of responses. However, there are some concerns regarding reliability. Firstly, the survey does not seem to have any clear instructions or guidelines for respondents, which could lead to inconsistent interpretations of questions. Additionally, some questions may be prone to social desirability bias (e.g., 'Rate your overall satisfaction with our EV charger product'). Furthermore, the survey lacks a clear plan for handling missing data or non-response, which could impact the reliability of results. Compared to previous surveys, this one seems to have a more comprehensive set of questions, but it falls short in terms of providing clear instructions and addressing potential biases."
0,revised_survey_llama3.1_2025-04-28_11-05-17.json,Clarity,4.5,"The survey demonstrates excellent clarity in its question structure and wording. The use of clear and concise language makes it easy for respondents to understand what is being asked. The mix of single-choice, multiple-choice, rating, and text questions provides a good balance and helps to avoid ambiguity. However, there are a few areas where slight improvements could be made. For instance, some questions could benefit from more specific or detailed instructions (e.g., the 'rating' type questions could specify the scale being used). Additionally, while the survey is generally well-structured, a few of the text-based questions seem somewhat open-ended and may elicit varying levels of detail in responses. Overall, though, the survey excels in terms of clarity."
0,revised_survey_llama3.1_2025-04-28_11-05-17.json,Structure,3.5,"The survey has a clear logical flow, with a mix of question types (single choice, multiple choice, rating, and text) that helps to keep the respondent engaged. The length of the survey is also reasonable, with 14 questions that should not take too long to complete. However, there are some areas for improvement in terms of grouping. For example, questions 3 and 5 are both ratings, but they seem unrelated (one asks about 'Rate your overall satisfaction' and the other asks about 'Rate the ease of use'). It would be better to group similar question types together or create sections with clear headings to help respondents understand the flow of the survey. Additionally, some questions seem repetitive (e.g., questions 4 and 8 are both text questions asking for feedback), which could be condensed into a single question. Overall, while the survey is well-structured, it could benefit from some minor adjustments to improve its organization and coherence."
0,revised_survey_llama3.1_2025-04-28_11-05-17.json,Representativeness,3.5,"Based on the provided information, the survey appears to be well-structured and covers various aspects of customer satisfaction with EV charger products. However, I couldn't find any explicit information about the sample demographics matching the target population demographics. The questions seem to be relevant to the topic, but without knowing the demographic characteristics of the respondents, it's difficult to assess how representative the sample is of the target population. Therefore, I'm giving a moderate rating of 3.5. To improve representativeness, the survey could benefit from including demographic questions (e.g., age, location, income level) and ensuring that the sample is stratified to match the target population demographics."
0,revised_survey_llama3.1_2025-04-28_11-05-17.json,Bias Minimization,4.5,"The survey demonstrates a good effort in minimizing bias through neutral wording and consistent administration. The use of various question types (single-choice, multiple-choice, rating, and text) helps to reduce bias by allowing respondents to answer questions in different formats. However, the survey could benefit from more information on the sampling method used to ensure that it is fair and representative of the target population. Additionally, some questions may be slightly leading or assume a certain level of knowledge about EV chargers, which could introduce bias. Nevertheless, overall, the survey appears to be well-designed with minimal bias."
0,revised_survey_llama3.1_2025-04-28_11-05-17.json,Data Analysis,3.0,"The survey has some potential for data analysis, but it falls short in several areas. The use of multiple-choice and single-choice questions allows for quantitative analysis, and the rating questions can be used to calculate averages and trends. However, there are only a few open-ended text questions that could provide qualitative insights. Moreover, I couldn't find any information about 'data_driven_method' and 'data_driven_method_description' fields in the provided data, which suggests that the survey may not have a clear plan for incorporating data analysis. To improve the data analysis capabilities of this survey, I would recommend adding more open-ended questions to gather qualitative feedback and providing a detailed plan for how the data will be analyzed and used to extract actionable insights."
0,human_drafted_survey.json,Validity,4.5,"This EV Charging Experience Survey demonstrates high validity as it effectively aligns with the concept of evaluating electric vehicle charging experiences. The survey covers a wide range of aspects related to EV charging, including types of chargers used, frequency of use, satisfaction levels, and challenges faced. It also includes questions about future preferences and expectations, which helps in predicting real-world outcomes. The mix of single-choice, multiple-choice, rating-scale, and open-ended text questions allows for a comprehensive collection of both quantitative and qualitative data. However, to reach the highest validity score, it might benefit from a couple more questions that delve deeper into specific pain points or suggestions for improvement in EV charging infrastructure or technology. Nonetheless, its current structure provides a solid foundation for gathering insightful feedback."
0,human_drafted_survey.json,Reliability,4.5,"The survey appears to be reliable as it has consistent results across time and respondents due to several factors. Firstly, the survey is well-structured with a clear and logical flow of questions that cover various aspects of EV charging experience. This structure helps to minimize respondent fatigue and ensures that participants can provide thoughtful answers. Secondly, the use of multiple question types (single-choice, multiple-choice, rating, and text) allows for a comprehensive understanding of respondents' opinions and experiences. The inclusion of rating questions also enables the survey to capture nuanced responses. Furthermore, the survey has 35 questions which is a reasonable number to gather reliable data without overwhelming respondents. However, I would have liked to see more information about the sampling method and population size to further assess reliability."
0,human_drafted_survey.json,Clarity,4.5,"The survey appears to be clear and well-structured, with concise and unambiguous question wording. The use of single-choice, multiple-choice, rating, and text questions provides a good mix of question types to gather both quantitative and qualitative feedback. However, there are a few areas where clarity could be improved. For example, some questions (e.g., 'How would you rate your overall satisfaction with the charging experience?') could benefit from more specific scales or anchors to help respondents provide more precise answers. Additionally, a few questions (e.g., 'What features do you think are missing from our current charging system?') may be open to interpretation and could be rephrased for greater clarity. Overall, however, the survey is well-written and easy to follow."
0,human_drafted_survey.json,Structure,3.5,"The survey has a clear title and a logical flow of questions, with a mix of single-choice, multiple-choice, rating, and text-based questions. However, the length of the survey is quite long, with 35 questions, which may lead to respondent fatigue. Additionally, some questions seem to be grouped together without a clear section or category, making it difficult for respondents to understand the context. For example, questions about charging experience are followed by questions about satisfaction and then back to charging experience again. A clearer grouping of questions into sections or categories would improve the overall structure of the survey."
0,human_drafted_survey.json,Representativeness,3.5,"Based on the provided information, I couldn't find any explicit evidence that the sample matches the target population demographics. The survey appears to be well-structured and comprehensive, covering various aspects of EV charging experience. However, without knowing the demographic characteristics of the respondents or how they were selected, it's difficult to assess representativeness. To improve this criterion, I would recommend including questions about respondent demographics (e.g., age, location, income level) and ensuring that the sample is representative of the target population through proper sampling methods."
0,human_drafted_survey.json,Bias Minimization,4.5,"The survey demonstrates a high level of bias minimization through its neutral wording and consistent administration. The use of single-choice, multiple-choice, rating, and text-based questions helps to reduce bias by providing respondents with clear options and allowing them to express their opinions freely. However, there is room for improvement in terms of fair sampling. While the survey covers a wide range of topics related to EV charging experience, it may not be representative of all demographics or user groups. To further minimize bias, the survey could benefit from stratified sampling or weighting to ensure that the sample is representative of the target population."
0,human_drafted_survey.json,Data Analysis,3.0,"The survey has some potential for data analysis, with a mix of single-choice, multiple-choice, and rating questions that can be quantitatively analyzed. However, the majority of the questions are single-choice or multiple-choice, which may limit the depth of insights that can be gained from the data. Additionally, there are only a few open-ended text questions (e.g., questions 28, 34, and 35) that can provide qualitative feedback, but these may not be sufficient to extract actionable insights. Furthermore, I couldn't find any evidence of 'data_driven_method' or 'data_driven_method_description' fields in the provided data, which suggests that a clear plan for incorporating data analysis is missing. Overall, while there is some potential for data analysis, the survey could benefit from more diverse question types and a clearer plan for analyzing the data."
0,revised_survey_llama3.1_2025-04-28_10-44-39.json,Validity,4.5,"This survey demonstrates high validity as it effectively aligns with the concept of evaluating customer satisfaction for EV charger products. The variety in question types (single choice, multiple choice, rating, and text) allows for a comprehensive assessment of different aspects of customer experience. This mix is likely to capture both quantitative and qualitative insights into user satisfaction, preferences, and suggestions for improvement. The questions seem to cover all critical aspects of the product and service, including usability, performance, and overall satisfaction, which are predictive of real-world outcomes such as customer retention and recommendation rates. However, achieving a perfect score would require ensuring that every potential aspect of customer interaction with the EV charger is covered, or possibly incorporating more nuanced rating scales for certain questions to allow for more detailed feedback."
0,revised_survey_llama3.1_2025-04-28_10-44-39.json,Reliability,4.5,"The survey demonstrates high reliability due to its consistent structure and question types across different respondents and time periods. The use of multiple-choice, single-choice, rating-scale, and text questions provides a comprehensive understanding of customer satisfaction with the EV charger product. However, there are a few areas for improvement: (1) some questions may be prone to social desirability bias (e.g., 'Rate your overall satisfaction'), which could impact reliability; (2) the survey does not appear to have any reverse-coded or negatively worded items to check for consistency in responses; and (3) there is no clear indication of whether the survey has undergone pilot testing or cognitive interviews to ensure that questions are understood consistently across respondents. Addressing these limitations would further enhance the survey's reliability."
0,revised_survey_llama3.1_2025-04-28_10-44-39.json,Clarity,4.5,"The survey demonstrates excellent clarity in its question structure and wording. The use of clear and concise language makes it easy for respondents to understand what is being asked. The mix of single-choice, multiple-choice, rating, and text questions provides a good balance and helps to avoid ambiguity. However, there are a few areas where slight improvements could be made. For instance, some questions could benefit from more specific or detailed instructions (e.g., the 'rating' type questions could specify the scale being used). Additionally, while the survey is generally well-organized, the transition between topics could be smoother in some cases. Overall, the survey's clarity is strong, but minor refinements could further enhance respondent understanding and engagement."
0,revised_survey_llama3.1_2025-04-28_10-44-39.json,Structure,3.5,"The survey has a clear and logical flow, with a mix of question types (single choice, multiple choice, rating, and text) that helps to keep the respondent engaged. The length of the survey is also reasonable, with 12 questions that should not take too long to complete. However, there are some areas for improvement in terms of grouping. For example, questions 3 and 5 are both ratings, but they seem unrelated (one asks about 'Rate your overall satisfaction' and the other asks about 'Rate the ease of use'). It would be better to group similar question types together or provide clear headings to separate different sections of the survey. Additionally, some questions could be grouped into categories (e.g., 'Product Features', 'User Experience', etc.) to make it easier for respondents to understand the context and purpose of each question."
0,revised_survey_llama3.1_2025-04-28_10-44-39.json,Representativeness,3.5,"Based on the provided information, I couldn't find any explicit details about the sample demographics or how they match the target population demographics. However, considering that the survey is titled 'Customer Satisfaction Survey for EV Charger Products', it's likely that the sample consists of customers who have used these products. The questions seem to be relevant to the topic and cover various aspects of customer satisfaction, which suggests some level of representativeness. Nevertheless, without more information about the sampling method or demographics, I couldn't give a higher rating. To improve representativeness, it would be beneficial to provide more details about the sample demographics and how they align with the target population."
0,revised_survey_llama3.1_2025-04-28_10-44-39.json,Bias Minimization,4.5,"The survey demonstrates a good effort in minimizing bias through neutral wording and consistent administration. The use of various question types (single-choice, multiple-choice, rating, and text) helps to reduce bias by allowing respondents to answer questions in different formats. However, the survey could benefit from more information on the sampling method used to ensure that it is fair and representative of the target population. Additionally, some questions may be slightly leading or assume a certain level of knowledge about EV chargers (e.g., 'Rate your satisfaction with the charging speed'). Nevertheless, overall, the survey appears to be well-designed to minimize bias."
0,revised_survey_llama3.1_2025-04-28_10-44-39.json,Data Analysis,3.0,"The survey has some potential for data analysis, but it falls short in several areas. The use of multiple-choice and single-choice questions allows for quantitative analysis, such as calculating frequencies and percentages. However, the lack of open-ended questions limits the ability to gather qualitative insights. Additionally, there are no clear indications of how the rating-scale questions will be analyzed (e.g., mean scores, distribution of responses). Furthermore, I couldn't find any information about 'data_driven_method' and 'data_driven_method_description' fields in the provided data, which makes it difficult to assess the survey's data analysis plan. Overall, while there is some potential for data analysis, more attention needs to be paid to incorporating qualitative methods and providing a clear plan for analyzing the data."
0,revised_survey_llama3.1_2025-04-28_05-01-40.json,Validity,3.5,"The survey appears to be generally well-structured and covers various aspects of customer satisfaction through different question types (single choice, multiple choice, rating, and text). This variety can help in gathering both quantitative and qualitative feedback. However, without specific details on the content of each question beyond their type and a general description, it's challenging to assess fully whether all critical aspects are covered or if the survey effectively predicts real-world outcomes. For instance, questions about customer expectations, product/service performance, and potential areas for improvement would be crucial for validity. Assuming these topics are adequately addressed within the provided question types, the survey seems to have a good foundation but might lack depth in certain areas without more specific, targeted questions."
0,revised_survey_llama3.1_2025-04-28_05-01-40.json,Reliability,3.5,"The survey appears to be well-structured with a mix of question types (single choice, multiple choice, rating, and text). This variety can help reduce respondent fatigue and increase the accuracy of responses. However, without information on how the questions were developed or tested for reliability, it's difficult to assess whether the results would be consistent across time and respondents. Additionally, there is no indication of whether the survey has been piloted or if the questions have been validated through previous use. Therefore, while the survey looks promising, its reliability cannot be fully confirmed without further evidence."
0,revised_survey_llama3.1_2025-04-28_05-01-40.json,Clarity,4.5,"The survey appears to be clear and well-structured, with concise question descriptions that are easy to understand. The use of different question types (single choice, multiple choice, rating, and text) suggests a good mix of quantitative and qualitative feedback collection methods. However, I would have liked to see more specific and detailed questions in the 'text' type section to gather more insightful feedback from customers. Additionally, some questions could be rephrased for better clarity, but overall, the survey is well-designed and easy to follow."
0,revised_survey_llama3.1_2025-04-28_05-01-40.json,Structure,3.5,"The survey has a clear title and a logical flow of question types, starting with single-choice and multiple-choice questions, followed by a rating question, and ending with an open-ended text question. However, the length of the survey is relatively short, which may not allow for a comprehensive assessment of customer satisfaction. Additionally, there is no apparent grouping of related questions, which could make it easier for respondents to navigate the survey. Compared to previous surveys, this one seems more concise but may lack depth in certain areas."
0,revised_survey_llama3.1_2025-04-28_05-01-40.json,Representativeness,3.0,"Based on the provided information, I couldn't find any specific details about the demographics of the sample or how they match the target population. The survey title and questions seem generic and don't provide enough context to assess representativeness accurately. To improve this rating, more information is needed about the sampling method, response rates, and demographic characteristics of the respondents compared to the target population."
0,revised_survey_llama3.1_2025-04-28_05-01-40.json,Bias Minimization,3.5,"The survey appears to be generally well-designed with neutral wording in its questions. However, without the full text of each question, it's difficult to assess whether all questions are completely free from bias. The use of different question types (single choice, multiple choice, rating, and text) is a good practice as it caters to various respondent preferences and can help minimize biases associated with specific question formats. Yet, fair sampling and consistent administration cannot be evaluated based on the provided information alone. To achieve a higher rating, more details about the sampling method and survey administration process would be necessary to confirm that these aspects are handled in an unbiased manner."
0,revised_survey_llama3.1_2025-04-28_05-01-40.json,Data Analysis,3.0,"The survey has some potential for data analysis, but it falls short in several areas. The use of single-choice, multiple-choice, and rating questions provides quantitative data that can be easily analyzed using statistical methods. However, the lack of open-ended text questions limits the ability to extract qualitative insights. Furthermore, there is no clear indication of how the data will be analyzed or what specific methods will be used to extract actionable insights. The 'data_driven_method' and 'data_driven_method_description' fields are not provided in the survey, which suggests that a detailed plan for data analysis may not be in place."
0,revised_survey_llama3.1_2025-04-28_04-07-03.json,Validity,3.5,"The survey appears to be generally well-structured and covers various aspects of customer satisfaction through different question types (single choice, multiple choice, rating, and text). This variety can help in gathering both quantitative and qualitative feedback. However, without specific details on the content of each question beyond their type and a general description, it's challenging to assess fully whether all critical aspects are covered or if the survey effectively predicts real-world outcomes. For instance, questions about customer expectations, product/service performance, and potential areas for improvement would be crucial for validity. Assuming these topics are adequately addressed within the provided question types, the survey seems to have a good foundation but might lack depth in certain areas without more specific, targeted questions."
0,revised_survey_llama3.1_2025-04-28_04-07-03.json,Reliability,3.5,"The survey appears to be well-structured with a mix of question types (single choice, multiple choice, rating, and text). This variety can help reduce respondent fatigue and increase the accuracy of responses. However, without information on how the questions were developed or tested for reliability, it's difficult to assess whether the results would be consistent across time and respondents. Additionally, there is no indication of whether the survey has been piloted or if the questions have been validated through previous use. Therefore, while the survey looks promising, its reliability cannot be fully confirmed without further evidence."
0,revised_survey_llama3.1_2025-04-28_04-07-03.json,Clarity,4.5,"The survey appears to be clear and well-structured, with concise question descriptions that are easy to understand. The use of different question types (single choice, multiple choice, rating, and text) suggests a good mix of quantitative and qualitative feedback collection methods. However, I would have liked to see more specific and detailed questions in the 'text' type section to gather more insightful feedback from customers. Additionally, some questions could be rephrased for better clarity, but overall, the survey is well-designed and easy to follow."
0,revised_survey_llama3.1_2025-04-28_04-07-03.json,Structure,3.5,"The survey has a clear title and a logical flow of question types, starting with single-choice and multiple-choice questions, followed by a rating question, and ending with an open-ended text question. However, the length of the survey is relatively short, which may not allow for a comprehensive assessment of customer satisfaction. Additionally, there is no apparent grouping of related questions, which could make it easier for respondents to navigate the survey. Compared to previous surveys, this one seems more concise but may lack depth in certain areas."
0,revised_survey_llama3.1_2025-04-28_04-07-03.json,Representativeness,3.0,"Based on the provided information, I couldn't find any specific details about the demographics of the sample or how they match the target population. The survey title and questions seem generic and don't provide enough context to assess representativeness accurately. To improve this rating, more information is needed about the sampling method, response rates, and demographic characteristics of the respondents compared to the target population."
0,revised_survey_llama3.1_2025-04-28_04-07-03.json,Bias Minimization,3.5,"The survey appears to be generally well-designed with neutral wording in its questions. However, without the full text of each question, it's difficult to assess whether all questions are completely free from bias. The use of different question types (single choice, multiple choice, rating, and text) is a good practice as it caters to various respondent preferences and can help minimize biases associated with specific question formats. Yet, fair sampling and consistent administration cannot be evaluated based on the provided information alone. To achieve a higher rating, more details about the sampling method and survey administration process would be necessary to confirm that these aspects are handled in an unbiased manner."
0,revised_survey_llama3.1_2025-04-28_04-07-03.json,Data Analysis,3.0,"The survey has some potential for data analysis, but it falls short in several areas. The use of single-choice, multiple-choice, and rating questions provides quantitative data that can be easily analyzed using statistical methods. However, the lack of open-ended text questions limits the ability to extract qualitative insights. Furthermore, there is no clear indication of how the data will be analyzed or what specific methods will be used to extract actionable insights. The 'data_driven_method' and 'data_driven_method_description' fields are not provided in the survey, which suggests that a detailed plan for data analysis may not be in place."
